{"cameraMode":{"drawMode":0,"name":"Shaded","section":"Shading Mode"},"sceneLighting":false,"audioPlay":false,"sceneViewState":{"showFog":true,"showMaterialUpdate":false,"showSkybox":true,"showFlares":true,"showImageEffects":true,"showParticleSystems":true},"in2DMode":false,"pivot":{"x":1.5084843635559083,"y":0.9088995456695557,"z":3.546450614929199},"rotation":{"x":-0.22194908559322358,"y":0.5091341137886047,"z":-0.13779357075691224,"w":-0.8200817704200745},"size":4.16123104095459,"orthographic":false}