{"cameraMode":{"drawMode":0,"name":"Shaded","section":"Shading Mode"},"sceneLighting":true,"audioPlay":false,"sceneViewState":{"showFog":true,"showMaterialUpdate":false,"showSkybox":true,"showFlares":true,"showImageEffects":true,"showParticleSystems":true},"in2DMode":false,"pivot":{"x":202.03964233398438,"y":-162.27919006347657,"z":487.74456787109377},"rotation":{"x":-0.42892104387283327,"y":0.0590195395052433,"z":-0.02809670940041542,"w":-0.9009739756584168},"size":849.4951171875,"orthographic":false}