{"cameraMode":{"drawMode":0,"name":"Shaded","section":"Shading Mode"},"sceneLighting":false,"audioPlay":false,"sceneViewState":{"showFog":true,"showMaterialUpdate":false,"showSkybox":true,"showFlares":true,"showImageEffects":true,"showParticleSystems":true},"in2DMode":false,"pivot":{"x":1.5084843635559083,"y":0.9088995456695557,"z":-2.7125117778778078},"rotation":{"x":-0.1862165629863739,"y":0.07125838845968247,"z":-0.013542696833610535,"w":-0.9798277020454407},"size":4.16123104095459,"orthographic":false}